comp_method,detector,band,channel,condition,trial_id,erd_onset_s,ers_onset_s
hilbert,thresh_sd,mu,COI-avg,left,0,,
hilbert,thresh_sd,mu,COI-avg,left,1,,
hilbert,thresh_sd,mu,COI-avg,left,2,,
hilbert,thresh_sd,mu,COI-avg,left,3,,
hilbert,thresh_sd,mu,COI-avg,left,4,,
hilbert,thresh_sd,mu,COI-avg,left,5,,
hilbert,thresh_sd,mu,COI-avg,left,6,,
hilbert,thresh_sd,mu,COI-avg,left,7,,
hilbert,thresh_sd,mu,COI-avg,left,8,,
hilbert,thresh_sd,mu,COI-avg,left,9,,
hilbert,thresh_sd,mu,COI-avg,left,10,,
hilbert,thresh_sd,mu,COI-avg,left,11,,
hilbert,thresh_sd,mu,COI-avg,left,12,,
hilbert,thresh_sd,mu,COI-avg,left,13,,
hilbert,thresh_sd,mu,COI-avg,left,14,,
hilbert,thresh_sd,mu,COI-avg,left,15,,
hilbert,thresh_sd,mu,COI-avg,left,16,,
hilbert,thresh_sd,mu,COI-avg,left,17,,
hilbert,thresh_sd,mu,COI-avg,left,18,,
hilbert,thresh_sd,mu,COI-avg,left,19,,
hilbert,thresh_sd,mu,COI-avg,left,20,,
hilbert,thresh_sd,mu,COI-avg,left,21,,
hilbert,thresh_sd,mu,COI-avg,left,22,,
hilbert,thresh_sd,mu,COI-avg,left,23,,
hilbert,changepoint,mu,COI-avg,left,0,0.668,1.536
hilbert,changepoint,mu,COI-avg,left,1,0.342,1.588
hilbert,changepoint,mu,COI-avg,left,2,0.33,
hilbert,changepoint,mu,COI-avg,left,3,0.336,
hilbert,changepoint,mu,COI-avg,left,4,0.364,
hilbert,changepoint,mu,COI-avg,left,5,0.334,
hilbert,changepoint,mu,COI-avg,left,6,,1.562
hilbert,changepoint,mu,COI-avg,left,7,0.384,1.564
hilbert,changepoint,mu,COI-avg,left,8,0.348,
hilbert,changepoint,mu,COI-avg,left,9,0.326,
hilbert,changepoint,mu,COI-avg,left,10,0.33,1.914
hilbert,changepoint,mu,COI-avg,left,11,0.406,
hilbert,changepoint,mu,COI-avg,left,12,0.328,
hilbert,changepoint,mu,COI-avg,left,13,0.416,
hilbert,changepoint,mu,COI-avg,left,14,0.332,
hilbert,changepoint,mu,COI-avg,left,15,0.344,1.534
hilbert,changepoint,mu,COI-avg,left,16,0.326,
hilbert,changepoint,mu,COI-avg,left,17,0.418,
hilbert,changepoint,mu,COI-avg,left,18,0.336,
hilbert,changepoint,mu,COI-avg,left,19,0.338,
hilbert,changepoint,mu,COI-avg,left,20,0.33,
hilbert,changepoint,mu,COI-avg,left,21,0.328,
hilbert,changepoint,mu,COI-avg,left,22,0.344,
hilbert,changepoint,mu,COI-avg,left,23,0.338,
hilbert,halfpeak,mu,COI-avg,left,0,0.61,1.532
hilbert,halfpeak,mu,COI-avg,left,1,0.3,4.06
hilbert,halfpeak,mu,COI-avg,left,2,0.3,3.254
hilbert,halfpeak,mu,COI-avg,left,3,0.3,3.762
hilbert,halfpeak,mu,COI-avg,left,4,0.3,2.8
hilbert,halfpeak,mu,COI-avg,left,5,0.3,3.976
hilbert,halfpeak,mu,COI-avg,left,6,0.862,1.538
hilbert,halfpeak,mu,COI-avg,left,7,0.484,1.53
hilbert,halfpeak,mu,COI-avg,left,8,0.314,3.482
hilbert,halfpeak,mu,COI-avg,left,9,0.3,3.42
hilbert,halfpeak,mu,COI-avg,left,10,0.3,1.774
hilbert,halfpeak,mu,COI-avg,left,11,0.41,3.454
hilbert,halfpeak,mu,COI-avg,left,12,0.3,
hilbert,halfpeak,mu,COI-avg,left,13,0.378,4.122
hilbert,halfpeak,mu,COI-avg,left,14,0.3,4.976
hilbert,halfpeak,mu,COI-avg,left,15,0.3,1.5
hilbert,halfpeak,mu,COI-avg,left,16,0.3,
hilbert,halfpeak,mu,COI-avg,left,17,0.42,3.63
hilbert,halfpeak,mu,COI-avg,left,18,0.3,2.736
hilbert,halfpeak,mu,COI-avg,left,19,0.3,
hilbert,halfpeak,mu,COI-avg,left,20,0.3,3.492
hilbert,halfpeak,mu,COI-avg,left,21,0.3,3.39
hilbert,halfpeak,mu,COI-avg,left,22,0.3,1.948
hilbert,halfpeak,mu,COI-avg,left,23,0.3,4.79
hilbert,thresh_sd,beta,COI-avg,left,0,,
hilbert,thresh_sd,beta,COI-avg,left,1,,
hilbert,thresh_sd,beta,COI-avg,left,2,,
hilbert,thresh_sd,beta,COI-avg,left,3,,
hilbert,thresh_sd,beta,COI-avg,left,4,,
hilbert,thresh_sd,beta,COI-avg,left,5,,
hilbert,thresh_sd,beta,COI-avg,left,6,,
hilbert,thresh_sd,beta,COI-avg,left,7,,
hilbert,thresh_sd,beta,COI-avg,left,8,,
hilbert,thresh_sd,beta,COI-avg,left,9,,
hilbert,thresh_sd,beta,COI-avg,left,10,,
hilbert,thresh_sd,beta,COI-avg,left,11,,
hilbert,thresh_sd,beta,COI-avg,left,12,,
hilbert,thresh_sd,beta,COI-avg,left,13,,
hilbert,thresh_sd,beta,COI-avg,left,14,,
hilbert,thresh_sd,beta,COI-avg,left,15,,
hilbert,thresh_sd,beta,COI-avg,left,16,,
hilbert,thresh_sd,beta,COI-avg,left,17,,
hilbert,thresh_sd,beta,COI-avg,left,18,,
hilbert,thresh_sd,beta,COI-avg,left,19,,
hilbert,thresh_sd,beta,COI-avg,left,20,,
hilbert,thresh_sd,beta,COI-avg,left,21,,
hilbert,thresh_sd,beta,COI-avg,left,22,,
hilbert,thresh_sd,beta,COI-avg,left,23,,
hilbert,changepoint,beta,COI-avg,left,0,0.338,1.848
hilbert,changepoint,beta,COI-avg,left,1,,2.424
hilbert,changepoint,beta,COI-avg,left,2,0.412,1.556
hilbert,changepoint,beta,COI-avg,left,3,0.354,1.542
hilbert,changepoint,beta,COI-avg,left,4,0.954,2.184
hilbert,changepoint,beta,COI-avg,left,5,0.328,
hilbert,changepoint,beta,COI-avg,left,6,1.014,
hilbert,changepoint,beta,COI-avg,left,7,0.358,3.71
hilbert,changepoint,beta,COI-avg,left,8,,1.858
hilbert,changepoint,beta,COI-avg,left,9,0.354,2.808
hilbert,changepoint,beta,COI-avg,left,10,0.34,1.644
hilbert,changepoint,beta,COI-avg,left,11,,1.548
hilbert,changepoint,beta,COI-avg,left,12,,1.796
hilbert,changepoint,beta,COI-avg,left,13,1.944,1.56
hilbert,changepoint,beta,COI-avg,left,14,0.354,1.548
hilbert,changepoint,beta,COI-avg,left,15,0.636,1.772
hilbert,changepoint,beta,COI-avg,left,16,0.448,
hilbert,changepoint,beta,COI-avg,left,17,1.706,2.232
hilbert,changepoint,beta,COI-avg,left,18,0.36,1.626
hilbert,changepoint,beta,COI-avg,left,19,0.34,
hilbert,changepoint,beta,COI-avg,left,20,0.52,
hilbert,changepoint,beta,COI-avg,left,21,0.342,2.448
hilbert,changepoint,beta,COI-avg,left,22,0.692,
hilbert,changepoint,beta,COI-avg,left,23,0.362,
hilbert,halfpeak,beta,COI-avg,left,0,0.3,2.678
hilbert,halfpeak,beta,COI-avg,left,1,1.244,2.406
hilbert,halfpeak,beta,COI-avg,left,2,0.3,1.518
hilbert,halfpeak,beta,COI-avg,left,3,0.322,1.5
hilbert,halfpeak,beta,COI-avg,left,4,0.668,1.91
hilbert,halfpeak,beta,COI-avg,left,5,0.3,3.546
hilbert,halfpeak,beta,COI-avg,left,6,0.566,3.414
hilbert,halfpeak,beta,COI-avg,left,7,0.3,2.31
hilbert,halfpeak,beta,COI-avg,left,8,0.492,1.772
hilbert,halfpeak,beta,COI-avg,left,9,0.3,2.13
hilbert,halfpeak,beta,COI-avg,left,10,0.3,1.858
hilbert,halfpeak,beta,COI-avg,left,11,0.352,1.528
hilbert,halfpeak,beta,COI-avg,left,12,0.612,1.642
hilbert,halfpeak,beta,COI-avg,left,13,0.516,2.736
hilbert,halfpeak,beta,COI-avg,left,14,0.3,1.548
hilbert,halfpeak,beta,COI-avg,left,15,0.548,1.708
hilbert,halfpeak,beta,COI-avg,left,16,0.3,3.658
hilbert,halfpeak,beta,COI-avg,left,17,0.858,1.942
hilbert,halfpeak,beta,COI-avg,left,18,0.3,1.596
hilbert,halfpeak,beta,COI-avg,left,19,0.3,3.604
hilbert,halfpeak,beta,COI-avg,left,20,0.478,3.432
hilbert,halfpeak,beta,COI-avg,left,21,0.3,2.352
hilbert,halfpeak,beta,COI-avg,left,22,0.426,1.844
hilbert,halfpeak,beta,COI-avg,left,23,0.308,3.082
morlet,thresh_sd,mu,COI-avg,left,0,,
morlet,thresh_sd,mu,COI-avg,left,1,,1.54
morlet,thresh_sd,mu,COI-avg,left,2,,
morlet,thresh_sd,mu,COI-avg,left,3,,
morlet,thresh_sd,mu,COI-avg,left,4,,
morlet,thresh_sd,mu,COI-avg,left,5,,3.984
morlet,thresh_sd,mu,COI-avg,left,6,,1.512
morlet,thresh_sd,mu,COI-avg,left,7,,1.5
morlet,thresh_sd,mu,COI-avg,left,8,,3.476
morlet,thresh_sd,mu,COI-avg,left,9,,3.478
morlet,thresh_sd,mu,COI-avg,left,10,,
morlet,thresh_sd,mu,COI-avg,left,11,,
morlet,thresh_sd,mu,COI-avg,left,12,,
morlet,thresh_sd,mu,COI-avg,left,13,,4.074
morlet,thresh_sd,mu,COI-avg,left,14,,
morlet,thresh_sd,mu,COI-avg,left,15,,1.5
morlet,thresh_sd,mu,COI-avg,left,16,,
morlet,thresh_sd,mu,COI-avg,left,17,,3.61
morlet,thresh_sd,mu,COI-avg,left,18,,2.766
morlet,thresh_sd,mu,COI-avg,left,19,,
morlet,thresh_sd,mu,COI-avg,left,20,,3.436
morlet,thresh_sd,mu,COI-avg,left,21,,3.246
morlet,thresh_sd,mu,COI-avg,left,22,,2.858
morlet,thresh_sd,mu,COI-avg,left,23,,3.172
morlet,changepoint,mu,COI-avg,left,0,0.678,1.51
morlet,changepoint,mu,COI-avg,left,1,0.394,1.512
morlet,changepoint,mu,COI-avg,left,2,0.31,1.606
morlet,changepoint,mu,COI-avg,left,3,0.314,
morlet,changepoint,mu,COI-avg,left,4,0.328,
morlet,changepoint,mu,COI-avg,left,5,0.314,1.514
morlet,changepoint,mu,COI-avg,left,6,,1.504
morlet,changepoint,mu,COI-avg,left,7,0.924,1.502
morlet,changepoint,mu,COI-avg,left,8,,1.534
morlet,changepoint,mu,COI-avg,left,9,0.312,3.696
morlet,changepoint,mu,COI-avg,left,10,0.454,1.604
morlet,changepoint,mu,COI-avg,left,11,0.91,1.728
morlet,changepoint,mu,COI-avg,left,12,0.314,1.536
morlet,changepoint,mu,COI-avg,left,13,,2.902
morlet,changepoint,mu,COI-avg,left,14,0.344,1.512
morlet,changepoint,mu,COI-avg,left,15,,1.502
morlet,changepoint,mu,COI-avg,left,16,0.312,
morlet,changepoint,mu,COI-avg,left,17,1.234,1.568
morlet,changepoint,mu,COI-avg,left,18,0.322,
morlet,changepoint,mu,COI-avg,left,19,0.326,2.648
morlet,changepoint,mu,COI-avg,left,20,0.316,1.502
morlet,changepoint,mu,COI-avg,left,21,,1.518
morlet,changepoint,mu,COI-avg,left,22,,1.948
morlet,changepoint,mu,COI-avg,left,23,,1.534
morlet,halfpeak,mu,COI-avg,left,0,0.604,1.528
morlet,halfpeak,mu,COI-avg,left,1,0.396,1.54
morlet,halfpeak,mu,COI-avg,left,2,0.3,2.046
morlet,halfpeak,mu,COI-avg,left,3,0.3,3.694
morlet,halfpeak,mu,COI-avg,left,4,0.796,3.992
morlet,halfpeak,mu,COI-avg,left,5,0.3,3.968
morlet,halfpeak,mu,COI-avg,left,6,1.762,1.5
morlet,halfpeak,mu,COI-avg,left,7,0.582,1.5
morlet,halfpeak,mu,COI-avg,left,8,1.2,1.764
morlet,halfpeak,mu,COI-avg,left,9,0.3,3.412
morlet,halfpeak,mu,COI-avg,left,10,0.726,1.758
morlet,halfpeak,mu,COI-avg,left,11,0.874,1.75
morlet,halfpeak,mu,COI-avg,left,12,0.3,2.896
morlet,halfpeak,mu,COI-avg,left,13,0.656,2.362
morlet,halfpeak,mu,COI-avg,left,14,0.706,4.326
morlet,halfpeak,mu,COI-avg,left,15,0.68,1.5
morlet,halfpeak,mu,COI-avg,left,16,0.3,2.78
morlet,halfpeak,mu,COI-avg,left,17,0.48,3.594
morlet,halfpeak,mu,COI-avg,left,18,0.404,2.726
morlet,halfpeak,mu,COI-avg,left,19,0.318,1.874
morlet,halfpeak,mu,COI-avg,left,20,0.3,1.5
morlet,halfpeak,mu,COI-avg,left,21,0.75,2.4
morlet,halfpeak,mu,COI-avg,left,22,1.476,2.48
morlet,halfpeak,mu,COI-avg,left,23,1.112,3.232
morlet,thresh_sd,beta,COI-avg,left,0,,4.32
morlet,thresh_sd,beta,COI-avg,left,1,,
morlet,thresh_sd,beta,COI-avg,left,2,,
morlet,thresh_sd,beta,COI-avg,left,3,,
morlet,thresh_sd,beta,COI-avg,left,4,,
morlet,thresh_sd,beta,COI-avg,left,5,,
morlet,thresh_sd,beta,COI-avg,left,6,,
morlet,thresh_sd,beta,COI-avg,left,7,,
morlet,thresh_sd,beta,COI-avg,left,8,,
morlet,thresh_sd,beta,COI-avg,left,9,,2.528
morlet,thresh_sd,beta,COI-avg,left,10,,
morlet,thresh_sd,beta,COI-avg,left,11,,
morlet,thresh_sd,beta,COI-avg,left,12,,
morlet,thresh_sd,beta,COI-avg,left,13,,
morlet,thresh_sd,beta,COI-avg,left,14,,2.5
morlet,thresh_sd,beta,COI-avg,left,15,,
morlet,thresh_sd,beta,COI-avg,left,16,,
morlet,thresh_sd,beta,COI-avg,left,17,,
morlet,thresh_sd,beta,COI-avg,left,18,,
morlet,thresh_sd,beta,COI-avg,left,19,,
morlet,thresh_sd,beta,COI-avg,left,20,,
morlet,thresh_sd,beta,COI-avg,left,21,,2.334
morlet,thresh_sd,beta,COI-avg,left,22,,
morlet,thresh_sd,beta,COI-avg,left,23,,3.934
morlet,changepoint,beta,COI-avg,left,0,0.318,1.66
morlet,changepoint,beta,COI-avg,left,1,,1.636
morlet,changepoint,beta,COI-avg,left,2,0.314,1.53
morlet,changepoint,beta,COI-avg,left,3,0.324,1.508
morlet,changepoint,beta,COI-avg,left,4,0.328,2.166
morlet,changepoint,beta,COI-avg,left,5,0.308,
morlet,changepoint,beta,COI-avg,left,6,1.044,
morlet,changepoint,beta,COI-avg,left,7,0.318,3.706
morlet,changepoint,beta,COI-avg,left,8,,1.54
morlet,changepoint,beta,COI-avg,left,9,0.342,1.524
morlet,changepoint,beta,COI-avg,left,10,0.314,1.51
morlet,changepoint,beta,COI-avg,left,11,,1.518
morlet,changepoint,beta,COI-avg,left,12,,1.714
morlet,changepoint,beta,COI-avg,left,13,1.81,1.53
morlet,changepoint,beta,COI-avg,left,14,0.316,1.516
morlet,changepoint,beta,COI-avg,left,15,0.656,1.684
morlet,changepoint,beta,COI-avg,left,16,0.318,
morlet,changepoint,beta,COI-avg,left,17,1.148,1.546
morlet,changepoint,beta,COI-avg,left,18,0.32,1.578
morlet,changepoint,beta,COI-avg,left,19,,1.598
morlet,changepoint,beta,COI-avg,left,20,0.65,1.51
morlet,changepoint,beta,COI-avg,left,21,0.322,1.55
morlet,changepoint,beta,COI-avg,left,22,,1.712
morlet,changepoint,beta,COI-avg,left,23,,1.514
morlet,halfpeak,beta,COI-avg,left,0,0.306,2.688
morlet,halfpeak,beta,COI-avg,left,1,1.216,2.38
morlet,halfpeak,beta,COI-avg,left,2,0.3,1.518
morlet,halfpeak,beta,COI-avg,left,3,0.47,1.5
morlet,halfpeak,beta,COI-avg,left,4,0.666,2.14
morlet,halfpeak,beta,COI-avg,left,5,0.3,3.552
morlet,halfpeak,beta,COI-avg,left,6,0.82,3.422
morlet,halfpeak,beta,COI-avg,left,7,0.3,2.132
morlet,halfpeak,beta,COI-avg,left,8,0.484,1.736
morlet,halfpeak,beta,COI-avg,left,9,0.3,2.076
morlet,halfpeak,beta,COI-avg,left,10,0.3,1.5
morlet,halfpeak,beta,COI-avg,left,11,0.888,1.788
morlet,halfpeak,beta,COI-avg,left,12,0.604,1.648
morlet,halfpeak,beta,COI-avg,left,13,0.52,2.73
morlet,halfpeak,beta,COI-avg,left,14,0.3,1.542
morlet,halfpeak,beta,COI-avg,left,15,0.556,1.672
morlet,halfpeak,beta,COI-avg,left,16,0.3,3.642
morlet,halfpeak,beta,COI-avg,left,17,0.862,2.774
morlet,halfpeak,beta,COI-avg,left,18,0.3,1.592
morlet,halfpeak,beta,COI-avg,left,19,1.73,1.932
morlet,halfpeak,beta,COI-avg,left,20,0.502,1.5
morlet,halfpeak,beta,COI-avg,left,21,0.3,2.34
morlet,halfpeak,beta,COI-avg,left,22,0.674,1.846
morlet,halfpeak,beta,COI-avg,left,23,0.456,3.022
multitaper,thresh_sd,mu,COI-avg,left,0,2.284,
multitaper,thresh_sd,mu,COI-avg,left,1,,2.1
multitaper,thresh_sd,mu,COI-avg,left,2,,
multitaper,thresh_sd,mu,COI-avg,left,3,,
multitaper,thresh_sd,mu,COI-avg,left,4,1.45,
multitaper,thresh_sd,mu,COI-avg,left,5,,3.978
multitaper,thresh_sd,mu,COI-avg,left,6,,
multitaper,thresh_sd,mu,COI-avg,left,7,,1.5
multitaper,thresh_sd,mu,COI-avg,left,8,,1.64
multitaper,thresh_sd,mu,COI-avg,left,9,,3.42
multitaper,thresh_sd,mu,COI-avg,left,10,,
multitaper,thresh_sd,mu,COI-avg,left,11,,
multitaper,thresh_sd,mu,COI-avg,left,12,,
multitaper,thresh_sd,mu,COI-avg,left,13,,4.012
multitaper,thresh_sd,mu,COI-avg,left,14,,3.718
multitaper,thresh_sd,mu,COI-avg,left,15,,1.5
multitaper,thresh_sd,mu,COI-avg,left,16,0.3,
multitaper,thresh_sd,mu,COI-avg,left,17,,3.506
multitaper,thresh_sd,mu,COI-avg,left,18,,2.65
multitaper,thresh_sd,mu,COI-avg,left,19,,
multitaper,thresh_sd,mu,COI-avg,left,20,,3.404
multitaper,thresh_sd,mu,COI-avg,left,21,,2.338
multitaper,thresh_sd,mu,COI-avg,left,22,,
multitaper,thresh_sd,mu,COI-avg,left,23,,3.176
multitaper,changepoint,mu,COI-avg,left,0,0.724,1.51
multitaper,changepoint,mu,COI-avg,left,1,0.4,1.508
multitaper,changepoint,mu,COI-avg,left,2,0.316,3.502
multitaper,changepoint,mu,COI-avg,left,3,0.31,
multitaper,changepoint,mu,COI-avg,left,4,0.318,
multitaper,changepoint,mu,COI-avg,left,5,,1.506
multitaper,changepoint,mu,COI-avg,left,6,,1.504
multitaper,changepoint,mu,COI-avg,left,7,0.806,1.5
multitaper,changepoint,mu,COI-avg,left,8,,1.522
multitaper,changepoint,mu,COI-avg,left,9,0.308,3.84
multitaper,changepoint,mu,COI-avg,left,10,0.48,1.632
multitaper,changepoint,mu,COI-avg,left,11,2.076,1.73
multitaper,changepoint,mu,COI-avg,left,12,0.326,3.74
multitaper,changepoint,mu,COI-avg,left,13,,4.224
multitaper,changepoint,mu,COI-avg,left,14,0.382,1.51
multitaper,changepoint,mu,COI-avg,left,15,,1.502
multitaper,changepoint,mu,COI-avg,left,16,0.304,
multitaper,changepoint,mu,COI-avg,left,17,0.638,1.536
multitaper,changepoint,mu,COI-avg,left,18,0.306,2.972
multitaper,changepoint,mu,COI-avg,left,19,0.59,
multitaper,changepoint,mu,COI-avg,left,20,0.316,1.508
multitaper,changepoint,mu,COI-avg,left,21,,1.654
multitaper,changepoint,mu,COI-avg,left,22,,2.072
multitaper,changepoint,mu,COI-avg,left,23,,2.804
multitaper,halfpeak,mu,COI-avg,left,0,0.638,1.5
multitaper,halfpeak,mu,COI-avg,left,1,0.506,2.034
multitaper,halfpeak,mu,COI-avg,left,2,0.3,3.086
multitaper,halfpeak,mu,COI-avg,left,3,0.3,
multitaper,halfpeak,mu,COI-avg,left,4,0.766,2.608
multitaper,halfpeak,mu,COI-avg,left,5,0.956,3.936
multitaper,halfpeak,mu,COI-avg,left,6,1.86,1.5
multitaper,halfpeak,mu,COI-avg,left,7,0.616,1.5
multitaper,halfpeak,mu,COI-avg,left,8,0.638,1.612
multitaper,halfpeak,mu,COI-avg,left,9,0.3,3.37
multitaper,halfpeak,mu,COI-avg,left,10,0.594,1.658
multitaper,halfpeak,mu,COI-avg,left,11,1.958,3.01
multitaper,halfpeak,mu,COI-avg,left,12,0.328,2.806
multitaper,halfpeak,mu,COI-avg,left,13,1.28,3.99
multitaper,halfpeak,mu,COI-avg,left,14,0.822,4.888
multitaper,halfpeak,mu,COI-avg,left,15,0.678,1.5
multitaper,halfpeak,mu,COI-avg,left,16,0.3,
multitaper,halfpeak,mu,COI-avg,left,17,1.844,3.48
multitaper,halfpeak,mu,COI-avg,left,18,0.3,2.626
multitaper,halfpeak,mu,COI-avg,left,19,0.864,3.796
multitaper,halfpeak,mu,COI-avg,left,20,0.3,2.672
multitaper,halfpeak,mu,COI-avg,left,21,0.698,3.26
multitaper,halfpeak,mu,COI-avg,left,22,1.472,1.95
multitaper,halfpeak,mu,COI-avg,left,23,1.234,3.194
multitaper,thresh_sd,beta,COI-avg,left,0,,2.482
multitaper,thresh_sd,beta,COI-avg,left,1,,2.414
multitaper,thresh_sd,beta,COI-avg,left,2,,
multitaper,thresh_sd,beta,COI-avg,left,3,0.496,
multitaper,thresh_sd,beta,COI-avg,left,4,,
multitaper,thresh_sd,beta,COI-avg,left,5,,
multitaper,thresh_sd,beta,COI-avg,left,6,,
multitaper,thresh_sd,beta,COI-avg,left,7,,
multitaper,thresh_sd,beta,COI-avg,left,8,,1.898
multitaper,thresh_sd,beta,COI-avg,left,9,,1.846
multitaper,thresh_sd,beta,COI-avg,left,10,,1.574
multitaper,thresh_sd,beta,COI-avg,left,11,,2.504
multitaper,thresh_sd,beta,COI-avg,left,12,,
multitaper,thresh_sd,beta,COI-avg,left,13,,
multitaper,thresh_sd,beta,COI-avg,left,14,,2.154
multitaper,thresh_sd,beta,COI-avg,left,15,,
multitaper,thresh_sd,beta,COI-avg,left,16,,
multitaper,thresh_sd,beta,COI-avg,left,17,,
multitaper,thresh_sd,beta,COI-avg,left,18,,
multitaper,thresh_sd,beta,COI-avg,left,19,,3.444
multitaper,thresh_sd,beta,COI-avg,left,20,,
multitaper,thresh_sd,beta,COI-avg,left,21,,2.21
multitaper,thresh_sd,beta,COI-avg,left,22,,
multitaper,thresh_sd,beta,COI-avg,left,23,,3.106
multitaper,changepoint,beta,COI-avg,left,0,0.312,1.532
multitaper,changepoint,beta,COI-avg,left,1,,1.548
multitaper,changepoint,beta,COI-avg,left,2,0.306,
multitaper,changepoint,beta,COI-avg,left,3,0.314,1.504
multitaper,changepoint,beta,COI-avg,left,4,0.826,2.174
multitaper,changepoint,beta,COI-avg,left,5,0.304,
multitaper,changepoint,beta,COI-avg,left,6,1.0,
multitaper,changepoint,beta,COI-avg,left,7,0.32,3.754
multitaper,changepoint,beta,COI-avg,left,8,,1.534
multitaper,changepoint,beta,COI-avg,left,9,,1.502
multitaper,changepoint,beta,COI-avg,left,10,0.308,1.506
multitaper,changepoint,beta,COI-avg,left,11,,1.51
multitaper,changepoint,beta,COI-avg,left,12,,1.528
multitaper,changepoint,beta,COI-avg,left,13,1.83,
multitaper,changepoint,beta,COI-avg,left,14,0.312,1.506
multitaper,changepoint,beta,COI-avg,left,15,0.512,1.528
multitaper,changepoint,beta,COI-avg,left,16,0.308,
multitaper,changepoint,beta,COI-avg,left,17,1.102,2.658
multitaper,changepoint,beta,COI-avg,left,18,0.454,1.506
multitaper,changepoint,beta,COI-avg,left,19,,1.516
multitaper,changepoint,beta,COI-avg,left,20,0.574,1.518
multitaper,changepoint,beta,COI-avg,left,21,0.318,2.27
multitaper,changepoint,beta,COI-avg,left,22,,1.628
multitaper,changepoint,beta,COI-avg,left,23,0.34,1.512
multitaper,halfpeak,beta,COI-avg,left,0,0.392,2.502
multitaper,halfpeak,beta,COI-avg,left,1,1.072,2.234
multitaper,halfpeak,beta,COI-avg,left,2,0.3,2.73
multitaper,halfpeak,beta,COI-avg,left,3,0.348,1.5
multitaper,halfpeak,beta,COI-avg,left,4,0.69,1.998
multitaper,halfpeak,beta,COI-avg,left,5,0.3,4.524
multitaper,halfpeak,beta,COI-avg,left,6,0.87,3.434
multitaper,halfpeak,beta,COI-avg,left,7,0.316,2.206
multitaper,halfpeak,beta,COI-avg,left,8,0.342,1.588
multitaper,halfpeak,beta,COI-avg,left,9,,1.5
multitaper,halfpeak,beta,COI-avg,left,10,0.3,1.5
multitaper,halfpeak,beta,COI-avg,left,11,0.918,1.624
multitaper,halfpeak,beta,COI-avg,left,12,1.382,2.034
multitaper,halfpeak,beta,COI-avg,left,13,0.668,2.68
multitaper,halfpeak,beta,COI-avg,left,14,0.3,2.166
multitaper,halfpeak,beta,COI-avg,left,15,0.576,1.52
multitaper,halfpeak,beta,COI-avg,left,16,0.3,3.774
multitaper,halfpeak,beta,COI-avg,left,17,0.914,3.372
multitaper,halfpeak,beta,COI-avg,left,18,1.012,1.5
multitaper,halfpeak,beta,COI-avg,left,19,,3.018
multitaper,halfpeak,beta,COI-avg,left,20,0.62,3.294
multitaper,halfpeak,beta,COI-avg,left,21,0.344,2.222
multitaper,halfpeak,beta,COI-avg,left,22,1.376,1.758
multitaper,halfpeak,beta,COI-avg,left,23,0.3,2.778
stft,thresh_sd,mu,COI-avg,left,0,,
stft,thresh_sd,mu,COI-avg,left,1,,
stft,thresh_sd,mu,COI-avg,left,2,,
stft,thresh_sd,mu,COI-avg,left,3,,
stft,thresh_sd,mu,COI-avg,left,4,,
stft,thresh_sd,mu,COI-avg,left,5,,
stft,thresh_sd,mu,COI-avg,left,6,,
stft,thresh_sd,mu,COI-avg,left,7,,
stft,thresh_sd,mu,COI-avg,left,8,,
stft,thresh_sd,mu,COI-avg,left,9,,
stft,thresh_sd,mu,COI-avg,left,10,,
stft,thresh_sd,mu,COI-avg,left,11,,
stft,thresh_sd,mu,COI-avg,left,12,,
stft,thresh_sd,mu,COI-avg,left,13,,
stft,thresh_sd,mu,COI-avg,left,14,,
stft,thresh_sd,mu,COI-avg,left,15,,
stft,thresh_sd,mu,COI-avg,left,16,,
stft,thresh_sd,mu,COI-avg,left,17,,
stft,thresh_sd,mu,COI-avg,left,18,,
stft,thresh_sd,mu,COI-avg,left,19,,
stft,thresh_sd,mu,COI-avg,left,20,,
stft,thresh_sd,mu,COI-avg,left,21,,
stft,thresh_sd,mu,COI-avg,left,22,,
stft,thresh_sd,mu,COI-avg,left,23,,
stft,changepoint,mu,COI-avg,left,0,0.326,
stft,changepoint,mu,COI-avg,left,1,0.322,
stft,changepoint,mu,COI-avg,left,2,0.32,
stft,changepoint,mu,COI-avg,left,3,0.322,
stft,changepoint,mu,COI-avg,left,4,0.322,
stft,changepoint,mu,COI-avg,left,5,0.322,
stft,changepoint,mu,COI-avg,left,6,0.322,
stft,changepoint,mu,COI-avg,left,7,0.32,
stft,changepoint,mu,COI-avg,left,8,0.324,
stft,changepoint,mu,COI-avg,left,9,0.32,
stft,changepoint,mu,COI-avg,left,10,0.322,
stft,changepoint,mu,COI-avg,left,11,0.324,
stft,changepoint,mu,COI-avg,left,12,0.32,
stft,changepoint,mu,COI-avg,left,13,0.322,
stft,changepoint,mu,COI-avg,left,14,0.32,
stft,changepoint,mu,COI-avg,left,15,0.322,
stft,changepoint,mu,COI-avg,left,16,0.32,
stft,changepoint,mu,COI-avg,left,17,0.32,
stft,changepoint,mu,COI-avg,left,18,0.32,
stft,changepoint,mu,COI-avg,left,19,0.32,
stft,changepoint,mu,COI-avg,left,20,0.32,
stft,changepoint,mu,COI-avg,left,21,0.32,
stft,changepoint,mu,COI-avg,left,22,0.32,
stft,changepoint,mu,COI-avg,left,23,0.32,
stft,halfpeak,mu,COI-avg,left,0,0.3,
stft,halfpeak,mu,COI-avg,left,1,0.3,
stft,halfpeak,mu,COI-avg,left,2,0.3,
stft,halfpeak,mu,COI-avg,left,3,0.3,
stft,halfpeak,mu,COI-avg,left,4,0.3,
stft,halfpeak,mu,COI-avg,left,5,0.3,
stft,halfpeak,mu,COI-avg,left,6,0.3,
stft,halfpeak,mu,COI-avg,left,7,0.3,
stft,halfpeak,mu,COI-avg,left,8,0.3,
stft,halfpeak,mu,COI-avg,left,9,0.3,
stft,halfpeak,mu,COI-avg,left,10,0.3,
stft,halfpeak,mu,COI-avg,left,11,0.3,
stft,halfpeak,mu,COI-avg,left,12,0.3,
stft,halfpeak,mu,COI-avg,left,13,0.3,
stft,halfpeak,mu,COI-avg,left,14,0.3,
stft,halfpeak,mu,COI-avg,left,15,0.3,
stft,halfpeak,mu,COI-avg,left,16,0.3,
stft,halfpeak,mu,COI-avg,left,17,0.3,
stft,halfpeak,mu,COI-avg,left,18,0.3,
stft,halfpeak,mu,COI-avg,left,19,0.3,
stft,halfpeak,mu,COI-avg,left,20,0.3,
stft,halfpeak,mu,COI-avg,left,21,0.3,
stft,halfpeak,mu,COI-avg,left,22,0.3,
stft,halfpeak,mu,COI-avg,left,23,0.3,
stft,thresh_sd,beta,COI-avg,left,0,,
stft,thresh_sd,beta,COI-avg,left,1,,
stft,thresh_sd,beta,COI-avg,left,2,,
stft,thresh_sd,beta,COI-avg,left,3,,
stft,thresh_sd,beta,COI-avg,left,4,,
stft,thresh_sd,beta,COI-avg,left,5,,
stft,thresh_sd,beta,COI-avg,left,6,,
stft,thresh_sd,beta,COI-avg,left,7,,
stft,thresh_sd,beta,COI-avg,left,8,,
stft,thresh_sd,beta,COI-avg,left,9,,
stft,thresh_sd,beta,COI-avg,left,10,,
stft,thresh_sd,beta,COI-avg,left,11,,
stft,thresh_sd,beta,COI-avg,left,12,,
stft,thresh_sd,beta,COI-avg,left,13,,
stft,thresh_sd,beta,COI-avg,left,14,,
stft,thresh_sd,beta,COI-avg,left,15,,
stft,thresh_sd,beta,COI-avg,left,16,,
stft,thresh_sd,beta,COI-avg,left,17,,
stft,thresh_sd,beta,COI-avg,left,18,,
stft,thresh_sd,beta,COI-avg,left,19,,
stft,thresh_sd,beta,COI-avg,left,20,,
stft,thresh_sd,beta,COI-avg,left,21,,
stft,thresh_sd,beta,COI-avg,left,22,,
stft,thresh_sd,beta,COI-avg,left,23,,
stft,changepoint,beta,COI-avg,left,0,0.32,
stft,changepoint,beta,COI-avg,left,1,0.322,
stft,changepoint,beta,COI-avg,left,2,0.32,
stft,changepoint,beta,COI-avg,left,3,0.32,
stft,changepoint,beta,COI-avg,left,4,0.32,
stft,changepoint,beta,COI-avg,left,5,0.32,
stft,changepoint,beta,COI-avg,left,6,0.32,
stft,changepoint,beta,COI-avg,left,7,0.32,
stft,changepoint,beta,COI-avg,left,8,0.32,
stft,changepoint,beta,COI-avg,left,9,0.32,
stft,changepoint,beta,COI-avg,left,10,0.32,
stft,changepoint,beta,COI-avg,left,11,0.32,
stft,changepoint,beta,COI-avg,left,12,0.32,
stft,changepoint,beta,COI-avg,left,13,0.32,
stft,changepoint,beta,COI-avg,left,14,0.32,
stft,changepoint,beta,COI-avg,left,15,0.32,
stft,changepoint,beta,COI-avg,left,16,0.32,
stft,changepoint,beta,COI-avg,left,17,0.32,
stft,changepoint,beta,COI-avg,left,18,0.32,
stft,changepoint,beta,COI-avg,left,19,0.32,
stft,changepoint,beta,COI-avg,left,20,0.32,
stft,changepoint,beta,COI-avg,left,21,0.32,
stft,changepoint,beta,COI-avg,left,22,0.32,
stft,changepoint,beta,COI-avg,left,23,0.32,
stft,halfpeak,beta,COI-avg,left,0,0.3,
stft,halfpeak,beta,COI-avg,left,1,0.3,
stft,halfpeak,beta,COI-avg,left,2,0.3,
stft,halfpeak,beta,COI-avg,left,3,0.3,
stft,halfpeak,beta,COI-avg,left,4,0.3,
stft,halfpeak,beta,COI-avg,left,5,0.3,
stft,halfpeak,beta,COI-avg,left,6,0.3,
stft,halfpeak,beta,COI-avg,left,7,0.3,
stft,halfpeak,beta,COI-avg,left,8,0.3,
stft,halfpeak,beta,COI-avg,left,9,0.3,
stft,halfpeak,beta,COI-avg,left,10,0.3,
stft,halfpeak,beta,COI-avg,left,11,0.3,
stft,halfpeak,beta,COI-avg,left,12,0.3,
stft,halfpeak,beta,COI-avg,left,13,0.3,
stft,halfpeak,beta,COI-avg,left,14,0.3,
stft,halfpeak,beta,COI-avg,left,15,0.3,
stft,halfpeak,beta,COI-avg,left,16,0.3,
stft,halfpeak,beta,COI-avg,left,17,0.3,
stft,halfpeak,beta,COI-avg,left,18,0.3,
stft,halfpeak,beta,COI-avg,left,19,0.3,
stft,halfpeak,beta,COI-avg,left,20,0.3,
stft,halfpeak,beta,COI-avg,left,21,0.3,
stft,halfpeak,beta,COI-avg,left,22,0.3,
stft,halfpeak,beta,COI-avg,left,23,0.3,
hilbert,thresh_sd,mu,COI-avg,right,0,,
hilbert,thresh_sd,mu,COI-avg,right,1,,
hilbert,thresh_sd,mu,COI-avg,right,2,,
hilbert,thresh_sd,mu,COI-avg,right,3,,
hilbert,thresh_sd,mu,COI-avg,right,4,,
hilbert,thresh_sd,mu,COI-avg,right,5,,
hilbert,thresh_sd,mu,COI-avg,right,6,,
hilbert,thresh_sd,mu,COI-avg,right,7,,
hilbert,thresh_sd,mu,COI-avg,right,8,,
hilbert,thresh_sd,mu,COI-avg,right,9,,
hilbert,thresh_sd,mu,COI-avg,right,10,,
hilbert,thresh_sd,mu,COI-avg,right,11,,
hilbert,thresh_sd,mu,COI-avg,right,12,,
hilbert,thresh_sd,mu,COI-avg,right,13,,
hilbert,thresh_sd,mu,COI-avg,right,14,,
hilbert,thresh_sd,mu,COI-avg,right,15,,
hilbert,thresh_sd,mu,COI-avg,right,16,,
hilbert,thresh_sd,mu,COI-avg,right,17,,
hilbert,thresh_sd,mu,COI-avg,right,18,,
hilbert,thresh_sd,mu,COI-avg,right,19,,
hilbert,thresh_sd,mu,COI-avg,right,20,,
hilbert,thresh_sd,mu,COI-avg,right,21,,
hilbert,thresh_sd,mu,COI-avg,right,22,,
hilbert,thresh_sd,mu,COI-avg,right,23,,
hilbert,thresh_sd,mu,COI-avg,right,24,,
hilbert,thresh_sd,mu,COI-avg,right,25,,
hilbert,thresh_sd,mu,COI-avg,right,26,,
hilbert,thresh_sd,mu,COI-avg,right,27,,
hilbert,thresh_sd,mu,COI-avg,right,28,,
hilbert,thresh_sd,mu,COI-avg,right,29,,
hilbert,changepoint,mu,COI-avg,right,0,0.538,
hilbert,changepoint,mu,COI-avg,right,1,0.554,
hilbert,changepoint,mu,COI-avg,right,2,0.332,
hilbert,changepoint,mu,COI-avg,right,3,0.348,
hilbert,changepoint,mu,COI-avg,right,4,0.974,
hilbert,changepoint,mu,COI-avg,right,5,0.342,
hilbert,changepoint,mu,COI-avg,right,6,0.322,
hilbert,changepoint,mu,COI-avg,right,7,0.35,
hilbert,changepoint,mu,COI-avg,right,8,0.332,
hilbert,changepoint,mu,COI-avg,right,9,0.382,
hilbert,changepoint,mu,COI-avg,right,10,0.354,
hilbert,changepoint,mu,COI-avg,right,11,0.686,
hilbert,changepoint,mu,COI-avg,right,12,0.604,
hilbert,changepoint,mu,COI-avg,right,13,0.342,
hilbert,changepoint,mu,COI-avg,right,14,0.352,
hilbert,changepoint,mu,COI-avg,right,15,0.328,
hilbert,changepoint,mu,COI-avg,right,16,0.38,
hilbert,changepoint,mu,COI-avg,right,17,0.336,
hilbert,changepoint,mu,COI-avg,right,18,1.206,
hilbert,changepoint,mu,COI-avg,right,19,0.54,
hilbert,changepoint,mu,COI-avg,right,20,0.344,
hilbert,changepoint,mu,COI-avg,right,21,0.332,
hilbert,changepoint,mu,COI-avg,right,22,0.338,
hilbert,changepoint,mu,COI-avg,right,23,0.656,
hilbert,changepoint,mu,COI-avg,right,24,0.326,
hilbert,changepoint,mu,COI-avg,right,25,0.39,
hilbert,changepoint,mu,COI-avg,right,26,0.34,1.716
hilbert,changepoint,mu,COI-avg,right,27,0.362,
hilbert,changepoint,mu,COI-avg,right,28,0.35,1.584
hilbert,changepoint,mu,COI-avg,right,29,0.474,
hilbert,halfpeak,mu,COI-avg,right,0,0.478,3.128
hilbert,halfpeak,mu,COI-avg,right,1,0.552,2.32
hilbert,halfpeak,mu,COI-avg,right,2,0.3,1.856
hilbert,halfpeak,mu,COI-avg,right,3,0.318,2.86
hilbert,halfpeak,mu,COI-avg,right,4,0.848,3.066
hilbert,halfpeak,mu,COI-avg,right,5,0.3,2.376
hilbert,halfpeak,mu,COI-avg,right,6,0.3,1.8
hilbert,halfpeak,mu,COI-avg,right,7,0.3,2.48
hilbert,halfpeak,mu,COI-avg,right,8,0.3,3.428
hilbert,halfpeak,mu,COI-avg,right,9,0.382,2.316
hilbert,halfpeak,mu,COI-avg,right,10,0.3,4.52
hilbert,halfpeak,mu,COI-avg,right,11,0.542,2.438
hilbert,halfpeak,mu,COI-avg,right,12,0.524,1.742
hilbert,halfpeak,mu,COI-avg,right,13,0.3,1.992
hilbert,halfpeak,mu,COI-avg,right,14,0.3,2.102
hilbert,halfpeak,mu,COI-avg,right,15,0.3,4.098
hilbert,halfpeak,mu,COI-avg,right,16,0.36,3.564
hilbert,halfpeak,mu,COI-avg,right,17,0.3,4.53
hilbert,halfpeak,mu,COI-avg,right,18,0.886,2.622
hilbert,halfpeak,mu,COI-avg,right,19,0.49,2.152
hilbert,halfpeak,mu,COI-avg,right,20,0.3,1.658
hilbert,halfpeak,mu,COI-avg,right,21,0.3,1.754
hilbert,halfpeak,mu,COI-avg,right,22,0.3,3.742
hilbert,halfpeak,mu,COI-avg,right,23,0.48,3.34
hilbert,halfpeak,mu,COI-avg,right,24,0.3,4.288
hilbert,halfpeak,mu,COI-avg,right,25,0.54,1.742
hilbert,halfpeak,mu,COI-avg,right,26,0.3,1.66
hilbert,halfpeak,mu,COI-avg,right,27,0.3,3.294
hilbert,halfpeak,mu,COI-avg,right,28,0.32,1.572
hilbert,halfpeak,mu,COI-avg,right,29,0.48,3.454
hilbert,thresh_sd,beta,COI-avg,right,0,,
hilbert,thresh_sd,beta,COI-avg,right,1,,
hilbert,thresh_sd,beta,COI-avg,right,2,,
hilbert,thresh_sd,beta,COI-avg,right,3,,
hilbert,thresh_sd,beta,COI-avg,right,4,,
hilbert,thresh_sd,beta,COI-avg,right,5,,
hilbert,thresh_sd,beta,COI-avg,right,6,,
hilbert,thresh_sd,beta,COI-avg,right,7,,
hilbert,thresh_sd,beta,COI-avg,right,8,,
hilbert,thresh_sd,beta,COI-avg,right,9,,
hilbert,thresh_sd,beta,COI-avg,right,10,,
hilbert,thresh_sd,beta,COI-avg,right,11,,
hilbert,thresh_sd,beta,COI-avg,right,12,,
hilbert,thresh_sd,beta,COI-avg,right,13,,
hilbert,thresh_sd,beta,COI-avg,right,14,,
hilbert,thresh_sd,beta,COI-avg,right,15,,
hilbert,thresh_sd,beta,COI-avg,right,16,,
hilbert,thresh_sd,beta,COI-avg,right,17,,
hilbert,thresh_sd,beta,COI-avg,right,18,,
hilbert,thresh_sd,beta,COI-avg,right,19,,
hilbert,thresh_sd,beta,COI-avg,right,20,,
hilbert,thresh_sd,beta,COI-avg,right,21,,
hilbert,thresh_sd,beta,COI-avg,right,22,,
hilbert,thresh_sd,beta,COI-avg,right,23,,
hilbert,thresh_sd,beta,COI-avg,right,24,,
hilbert,thresh_sd,beta,COI-avg,right,25,,
hilbert,thresh_sd,beta,COI-avg,right,26,,
hilbert,thresh_sd,beta,COI-avg,right,27,,
hilbert,thresh_sd,beta,COI-avg,right,28,,
hilbert,thresh_sd,beta,COI-avg,right,29,,
hilbert,changepoint,beta,COI-avg,right,0,0.434,1.6
hilbert,changepoint,beta,COI-avg,right,1,,1.692
hilbert,changepoint,beta,COI-avg,right,2,0.36,1.56
hilbert,changepoint,beta,COI-avg,right,3,0.33,1.736
hilbert,changepoint,beta,COI-avg,right,4,0.446,1.766
hilbert,changepoint,beta,COI-avg,right,5,,1.844
hilbert,changepoint,beta,COI-avg,right,6,0.348,
hilbert,changepoint,beta,COI-avg,right,7,1.95,2.676
hilbert,changepoint,beta,COI-avg,right,8,,1.708
hilbert,changepoint,beta,COI-avg,right,9,0.354,1.896
hilbert,changepoint,beta,COI-avg,right,10,0.344,
hilbert,changepoint,beta,COI-avg,right,11,0.356,
hilbert,changepoint,beta,COI-avg,right,12,0.412,
hilbert,changepoint,beta,COI-avg,right,13,0.366,2.06
hilbert,changepoint,beta,COI-avg,right,14,0.358,2.52
hilbert,changepoint,beta,COI-avg,right,15,0.336,2.072
hilbert,changepoint,beta,COI-avg,right,16,0.344,1.714
hilbert,changepoint,beta,COI-avg,right,17,0.434,2.678
hilbert,changepoint,beta,COI-avg,right,18,0.346,
hilbert,changepoint,beta,COI-avg,right,19,0.608,
hilbert,changepoint,beta,COI-avg,right,20,,1.55
hilbert,changepoint,beta,COI-avg,right,21,0.372,1.542
hilbert,changepoint,beta,COI-avg,right,22,0.43,
hilbert,changepoint,beta,COI-avg,right,23,0.36,3.714
hilbert,changepoint,beta,COI-avg,right,24,0.404,
hilbert,changepoint,beta,COI-avg,right,25,0.354,1.866
hilbert,changepoint,beta,COI-avg,right,26,0.358,1.586
hilbert,changepoint,beta,COI-avg,right,27,0.478,
hilbert,changepoint,beta,COI-avg,right,28,0.338,1.79
hilbert,changepoint,beta,COI-avg,right,29,0.354,
hilbert,halfpeak,beta,COI-avg,right,0,0.39,2.118
hilbert,halfpeak,beta,COI-avg,right,1,1.076,1.646
hilbert,halfpeak,beta,COI-avg,right,2,0.326,1.604
hilbert,halfpeak,beta,COI-avg,right,3,0.3,1.728
hilbert,halfpeak,beta,COI-avg,right,4,0.392,2.194
hilbert,halfpeak,beta,COI-avg,right,5,1.588,2.994
hilbert,halfpeak,beta,COI-avg,right,6,0.34,2.556
hilbert,halfpeak,beta,COI-avg,right,7,0.704,2.538
hilbert,halfpeak,beta,COI-avg,right,8,0.416,2.024
hilbert,halfpeak,beta,COI-avg,right,9,0.308,2.436
hilbert,halfpeak,beta,COI-avg,right,10,0.3,3.78
hilbert,halfpeak,beta,COI-avg,right,11,0.3,3.312
hilbert,halfpeak,beta,COI-avg,right,12,0.35,1.816
hilbert,halfpeak,beta,COI-avg,right,13,0.316,1.98
hilbert,halfpeak,beta,COI-avg,right,14,0.304,2.264
hilbert,halfpeak,beta,COI-avg,right,15,0.3,2.06
hilbert,halfpeak,beta,COI-avg,right,16,0.302,1.5
hilbert,halfpeak,beta,COI-avg,right,17,0.398,2.492
hilbert,halfpeak,beta,COI-avg,right,18,0.3,2.328
hilbert,halfpeak,beta,COI-avg,right,19,0.556,1.804
hilbert,halfpeak,beta,COI-avg,right,20,0.476,1.654
hilbert,halfpeak,beta,COI-avg,right,21,0.364,1.826
hilbert,halfpeak,beta,COI-avg,right,22,0.398,1.974
hilbert,halfpeak,beta,COI-avg,right,23,0.3,2.75
hilbert,halfpeak,beta,COI-avg,right,24,0.37,2.39
hilbert,halfpeak,beta,COI-avg,right,25,0.3,1.806
hilbert,halfpeak,beta,COI-avg,right,26,0.3,1.824
hilbert,halfpeak,beta,COI-avg,right,27,0.656,3.422
hilbert,halfpeak,beta,COI-avg,right,28,0.3,3.388
hilbert,halfpeak,beta,COI-avg,right,29,0.328,2.376
morlet,thresh_sd,mu,COI-avg,right,0,,
morlet,thresh_sd,mu,COI-avg,right,1,,
morlet,thresh_sd,mu,COI-avg,right,2,,
morlet,thresh_sd,mu,COI-avg,right,3,,2.844
morlet,thresh_sd,mu,COI-avg,right,4,,3.036
morlet,thresh_sd,mu,COI-avg,right,5,,2.32
morlet,thresh_sd,mu,COI-avg,right,6,,
morlet,thresh_sd,mu,COI-avg,right,7,,2.51
morlet,thresh_sd,mu,COI-avg,right,8,,2.036
morlet,thresh_sd,mu,COI-avg,right,9,,2.506
morlet,thresh_sd,mu,COI-avg,right,10,,
morlet,thresh_sd,mu,COI-avg,right,11,,2.394
morlet,thresh_sd,mu,COI-avg,right,12,,1.644
morlet,thresh_sd,mu,COI-avg,right,13,,
morlet,thresh_sd,mu,COI-avg,right,14,,2.37
morlet,thresh_sd,mu,COI-avg,right,15,,2.02
morlet,thresh_sd,mu,COI-avg,right,16,,
morlet,thresh_sd,mu,COI-avg,right,17,,
morlet,thresh_sd,mu,COI-avg,right,18,,3.458
morlet,thresh_sd,mu,COI-avg,right,19,,
morlet,thresh_sd,mu,COI-avg,right,20,,1.638
morlet,thresh_sd,mu,COI-avg,right,21,,
morlet,thresh_sd,mu,COI-avg,right,22,,
morlet,thresh_sd,mu,COI-avg,right,23,,3.294
morlet,thresh_sd,mu,COI-avg,right,24,,3.162
morlet,thresh_sd,mu,COI-avg,right,25,,
morlet,thresh_sd,mu,COI-avg,right,26,,1.592
morlet,thresh_sd,mu,COI-avg,right,27,,
morlet,thresh_sd,mu,COI-avg,right,28,,1.532
morlet,thresh_sd,mu,COI-avg,right,29,,3.85
morlet,changepoint,mu,COI-avg,right,0,0.394,
morlet,changepoint,mu,COI-avg,right,1,,1.522
morlet,changepoint,mu,COI-avg,right,2,0.318,1.864
morlet,changepoint,mu,COI-avg,right,3,0.314,1.698
morlet,changepoint,mu,COI-avg,right,4,,1.736
morlet,changepoint,mu,COI-avg,right,5,,1.898
morlet,changepoint,mu,COI-avg,right,6,0.314,1.87
morlet,changepoint,mu,COI-avg,right,7,0.674,2.576
morlet,changepoint,mu,COI-avg,right,8,,1.512
morlet,changepoint,mu,COI-avg,right,9,,1.504
morlet,changepoint,mu,COI-avg,right,10,0.34,
morlet,changepoint,mu,COI-avg,right,11,,1.62
morlet,changepoint,mu,COI-avg,right,12,,1.614
morlet,changepoint,mu,COI-avg,right,13,0.318,
morlet,changepoint,mu,COI-avg,right,14,,1.534
morlet,changepoint,mu,COI-avg,right,15,,1.51
morlet,changepoint,mu,COI-avg,right,16,0.394,
morlet,changepoint,mu,COI-avg,right,17,0.32,
morlet,changepoint,mu,COI-avg,right,18,,1.574
morlet,changepoint,mu,COI-avg,right,19,,1.518
morlet,changepoint,mu,COI-avg,right,20,,1.592
morlet,changepoint,mu,COI-avg,right,21,0.312,1.826
morlet,changepoint,mu,COI-avg,right,22,0.318,
morlet,changepoint,mu,COI-avg,right,23,,1.51
morlet,changepoint,mu,COI-avg,right,24,,1.51
morlet,changepoint,mu,COI-avg,right,25,0.674,1.848
morlet,changepoint,mu,COI-avg,right,26,,1.534
morlet,changepoint,mu,COI-avg,right,27,0.322,
morlet,changepoint,mu,COI-avg,right,28,0.39,1.506
morlet,changepoint,mu,COI-avg,right,29,0.334,
morlet,halfpeak,mu,COI-avg,right,0,0.464,3.854
morlet,halfpeak,mu,COI-avg,right,1,1.934,2.25
morlet,halfpeak,mu,COI-avg,right,2,0.3,1.828
morlet,halfpeak,mu,COI-avg,right,3,0.3,2.842
morlet,halfpeak,mu,COI-avg,right,4,1.484,1.752
morlet,halfpeak,mu,COI-avg,right,5,1.42,2.316
morlet,halfpeak,mu,COI-avg,right,6,0.3,1.772
morlet,halfpeak,mu,COI-avg,right,7,1.586,2.51
morlet,halfpeak,mu,COI-avg,right,8,1.724,2.04
morlet,halfpeak,mu,COI-avg,right,9,1.664,2.766
morlet,halfpeak,mu,COI-avg,right,10,0.468,3.632
morlet,halfpeak,mu,COI-avg,right,11,0.58,2.396
morlet,halfpeak,mu,COI-avg,right,12,0.546,1.66
morlet,halfpeak,mu,COI-avg,right,13,0.3,2.008
morlet,halfpeak,mu,COI-avg,right,14,1.294,2.27
morlet,halfpeak,mu,COI-avg,right,15,1.742,2.04
morlet,halfpeak,mu,COI-avg,right,16,0.374,3.092
morlet,halfpeak,mu,COI-avg,right,17,0.416,4.528
morlet,halfpeak,mu,COI-avg,right,18,0.932,3.48
morlet,halfpeak,mu,COI-avg,right,19,0.55,3.564
morlet,halfpeak,mu,COI-avg,right,20,1.23,1.622
morlet,halfpeak,mu,COI-avg,right,21,0.3,1.782
morlet,halfpeak,mu,COI-avg,right,22,0.3,3.688
morlet,halfpeak,mu,COI-avg,right,23,1.146,3.286
morlet,halfpeak,mu,COI-avg,right,24,1.304,3.19
morlet,halfpeak,mu,COI-avg,right,25,0.742,1.722
morlet,halfpeak,mu,COI-avg,right,26,0.3,1.612
morlet,halfpeak,mu,COI-avg,right,27,0.3,2.072
morlet,halfpeak,mu,COI-avg,right,28,0.406,1.54
morlet,halfpeak,mu,COI-avg,right,29,0.502,3.834
morlet,thresh_sd,beta,COI-avg,right,0,,
morlet,thresh_sd,beta,COI-avg,right,1,,
morlet,thresh_sd,beta,COI-avg,right,2,,1.572
morlet,thresh_sd,beta,COI-avg,right,3,,1.716
morlet,thresh_sd,beta,COI-avg,right,4,,3.1
morlet,thresh_sd,beta,COI-avg,right,5,,
morlet,thresh_sd,beta,COI-avg,right,6,,
morlet,thresh_sd,beta,COI-avg,right,7,,2.544
morlet,thresh_sd,beta,COI-avg,right,8,,2.002
morlet,thresh_sd,beta,COI-avg,right,9,,4.886
morlet,thresh_sd,beta,COI-avg,right,10,,
morlet,thresh_sd,beta,COI-avg,right,11,,
morlet,thresh_sd,beta,COI-avg,right,12,,
morlet,thresh_sd,beta,COI-avg,right,13,,
morlet,thresh_sd,beta,COI-avg,right,14,,
morlet,thresh_sd,beta,COI-avg,right,15,,3.404
morlet,thresh_sd,beta,COI-avg,right,16,,
morlet,thresh_sd,beta,COI-avg,right,17,,2.548
morlet,thresh_sd,beta,COI-avg,right,18,,
morlet,thresh_sd,beta,COI-avg,right,19,,
morlet,thresh_sd,beta,COI-avg,right,20,,1.63
morlet,thresh_sd,beta,COI-avg,right,21,,3.886
morlet,thresh_sd,beta,COI-avg,right,22,,
morlet,thresh_sd,beta,COI-avg,right,23,,
morlet,thresh_sd,beta,COI-avg,right,24,,
morlet,thresh_sd,beta,COI-avg,right,25,,
morlet,thresh_sd,beta,COI-avg,right,26,,
morlet,thresh_sd,beta,COI-avg,right,27,,
morlet,thresh_sd,beta,COI-avg,right,28,,3.382
morlet,thresh_sd,beta,COI-avg,right,29,,
morlet,changepoint,beta,COI-avg,right,0,0.4,1.606
morlet,changepoint,beta,COI-avg,right,1,,1.68
morlet,changepoint,beta,COI-avg,right,2,0.332,1.518
morlet,changepoint,beta,COI-avg,right,3,0.308,1.722
morlet,changepoint,beta,COI-avg,right,4,0.45,1.726
morlet,changepoint,beta,COI-avg,right,5,,1.816
morlet,changepoint,beta,COI-avg,right,6,0.322,
morlet,changepoint,beta,COI-avg,right,7,2.012,2.646
morlet,changepoint,beta,COI-avg,right,8,,1.514
morlet,changepoint,beta,COI-avg,right,9,0.334,1.838
morlet,changepoint,beta,COI-avg,right,10,0.314,
morlet,changepoint,beta,COI-avg,right,11,0.314,
morlet,changepoint,beta,COI-avg,right,12,0.486,1.884
morlet,changepoint,beta,COI-avg,right,13,0.33,1.996
morlet,changepoint,beta,COI-avg,right,14,0.316,2.458
morlet,changepoint,beta,COI-avg,right,15,0.312,1.726
morlet,changepoint,beta,COI-avg,right,16,0.316,1.514
morlet,changepoint,beta,COI-avg,right,17,0.424,2.586
morlet,changepoint,beta,COI-avg,right,18,0.314,
morlet,changepoint,beta,COI-avg,right,19,0.556,
morlet,changepoint,beta,COI-avg,right,20,,1.534
morlet,changepoint,beta,COI-avg,right,21,0.322,1.506
morlet,changepoint,beta,COI-avg,right,22,0.36,
morlet,changepoint,beta,COI-avg,right,23,0.336,3.394
morlet,changepoint,beta,COI-avg,right,24,0.454,1.51
morlet,changepoint,beta,COI-avg,right,25,0.354,1.632
morlet,changepoint,beta,COI-avg,right,26,0.32,1.526
morlet,changepoint,beta,COI-avg,right,27,0.464,
morlet,changepoint,beta,COI-avg,right,28,0.324,1.508
morlet,changepoint,beta,COI-avg,right,29,0.34,
morlet,halfpeak,beta,COI-avg,right,0,0.402,2.128
morlet,halfpeak,beta,COI-avg,right,1,1.088,1.64
morlet,halfpeak,beta,COI-avg,right,2,0.326,1.586
morlet,halfpeak,beta,COI-avg,right,3,0.3,1.718
morlet,halfpeak,beta,COI-avg,right,4,0.426,2.194
morlet,halfpeak,beta,COI-avg,right,5,1.586,1.99
morlet,halfpeak,beta,COI-avg,right,6,0.346,2.55
morlet,halfpeak,beta,COI-avg,right,7,0.71,2.542
morlet,halfpeak,beta,COI-avg,right,8,0.444,2.006
morlet,halfpeak,beta,COI-avg,right,9,0.322,2.434
morlet,halfpeak,beta,COI-avg,right,10,0.3,3.78
morlet,halfpeak,beta,COI-avg,right,11,0.3,2.74
morlet,halfpeak,beta,COI-avg,right,12,0.472,1.794
morlet,halfpeak,beta,COI-avg,right,13,0.696,1.964
morlet,halfpeak,beta,COI-avg,right,14,0.3,2.216
morlet,halfpeak,beta,COI-avg,right,15,0.3,2.058
morlet,halfpeak,beta,COI-avg,right,16,0.326,1.5
morlet,halfpeak,beta,COI-avg,right,17,0.4,2.5
morlet,halfpeak,beta,COI-avg,right,18,0.3,3.096
morlet,halfpeak,beta,COI-avg,right,19,0.55,2.2
morlet,halfpeak,beta,COI-avg,right,20,0.508,1.644
morlet,halfpeak,beta,COI-avg,right,21,0.354,1.804
morlet,halfpeak,beta,COI-avg,right,22,0.406,1.974
morlet,halfpeak,beta,COI-avg,right,23,0.564,2.752
morlet,halfpeak,beta,COI-avg,right,24,0.402,2.376
morlet,halfpeak,beta,COI-avg,right,25,0.664,1.666
morlet,halfpeak,beta,COI-avg,right,26,0.3,1.582
morlet,halfpeak,beta,COI-avg,right,27,0.656,3.4
morlet,halfpeak,beta,COI-avg,right,28,0.3,3.342
morlet,halfpeak,beta,COI-avg,right,29,0.346,2.37
multitaper,thresh_sd,mu,COI-avg,right,0,1.982,
multitaper,thresh_sd,mu,COI-avg,right,1,,
multitaper,thresh_sd,mu,COI-avg,right,2,,
multitaper,thresh_sd,mu,COI-avg,right,3,2.368,2.796
multitaper,thresh_sd,mu,COI-avg,right,4,,2.946
multitaper,thresh_sd,mu,COI-avg,right,5,,2.168
multitaper,thresh_sd,mu,COI-avg,right,6,,
multitaper,thresh_sd,mu,COI-avg,right,7,,2.412
multitaper,thresh_sd,mu,COI-avg,right,8,,1.934
multitaper,thresh_sd,mu,COI-avg,right,9,,2.288
multitaper,thresh_sd,mu,COI-avg,right,10,,
multitaper,thresh_sd,mu,COI-avg,right,11,,2.244
multitaper,thresh_sd,mu,COI-avg,right,12,,1.528
multitaper,thresh_sd,mu,COI-avg,right,13,,
multitaper,thresh_sd,mu,COI-avg,right,14,,2.17
multitaper,thresh_sd,mu,COI-avg,right,15,,1.996
multitaper,thresh_sd,mu,COI-avg,right,16,,
multitaper,thresh_sd,mu,COI-avg,right,17,,
multitaper,thresh_sd,mu,COI-avg,right,18,,3.39
multitaper,thresh_sd,mu,COI-avg,right,19,,3.618
multitaper,thresh_sd,mu,COI-avg,right,20,,4.468
multitaper,thresh_sd,mu,COI-avg,right,21,,3.748
multitaper,thresh_sd,mu,COI-avg,right,22,,
multitaper,thresh_sd,mu,COI-avg,right,23,,3.324
multitaper,thresh_sd,mu,COI-avg,right,24,,2.212
multitaper,thresh_sd,mu,COI-avg,right,25,,
multitaper,thresh_sd,mu,COI-avg,right,26,,1.508
multitaper,thresh_sd,mu,COI-avg,right,27,,
multitaper,thresh_sd,mu,COI-avg,right,28,,1.5
multitaper,thresh_sd,mu,COI-avg,right,29,,
multitaper,changepoint,mu,COI-avg,right,0,0.308,
multitaper,changepoint,mu,COI-avg,right,1,,1.57
multitaper,changepoint,mu,COI-avg,right,2,0.444,1.84
multitaper,changepoint,mu,COI-avg,right,3,0.322,1.516
multitaper,changepoint,mu,COI-avg,right,4,,1.642
multitaper,changepoint,mu,COI-avg,right,5,,1.968
multitaper,changepoint,mu,COI-avg,right,6,0.306,
multitaper,changepoint,mu,COI-avg,right,7,0.32,2.548
multitaper,changepoint,mu,COI-avg,right,8,,1.504
multitaper,changepoint,mu,COI-avg,right,9,,1.504
multitaper,changepoint,mu,COI-avg,right,10,0.308,
multitaper,changepoint,mu,COI-avg,right,11,,1.508
multitaper,changepoint,mu,COI-avg,right,12,,1.504
multitaper,changepoint,mu,COI-avg,right,13,0.31,
multitaper,changepoint,mu,COI-avg,right,14,,1.542
multitaper,changepoint,mu,COI-avg,right,15,,1.504
multitaper,changepoint,mu,COI-avg,right,16,0.414,
multitaper,changepoint,mu,COI-avg,right,17,0.312,
multitaper,changepoint,mu,COI-avg,right,18,,2.024
multitaper,changepoint,mu,COI-avg,right,19,,1.506
multitaper,changepoint,mu,COI-avg,right,20,,1.508
multitaper,changepoint,mu,COI-avg,right,21,0.306,1.938
multitaper,changepoint,mu,COI-avg,right,22,0.31,1.512
multitaper,changepoint,mu,COI-avg,right,23,,1.504
multitaper,changepoint,mu,COI-avg,right,24,,1.506
multitaper,changepoint,mu,COI-avg,right,25,0.322,1.946
multitaper,changepoint,mu,COI-avg,right,26,,1.504
multitaper,changepoint,mu,COI-avg,right,27,0.334,
multitaper,changepoint,mu,COI-avg,right,28,0.334,1.504
multitaper,changepoint,mu,COI-avg,right,29,0.308,
multitaper,halfpeak,mu,COI-avg,right,0,1.188,3.986
multitaper,halfpeak,mu,COI-avg,right,1,1.244,2.278
multitaper,halfpeak,mu,COI-avg,right,2,1.302,1.768
multitaper,halfpeak,mu,COI-avg,right,3,0.384,2.788
multitaper,halfpeak,mu,COI-avg,right,4,1.432,2.976
multitaper,halfpeak,mu,COI-avg,right,5,1.514,2.228
multitaper,halfpeak,mu,COI-avg,right,6,0.3,2.302
multitaper,halfpeak,mu,COI-avg,right,7,0.312,2.444
multitaper,halfpeak,mu,COI-avg,right,8,,1.95
multitaper,halfpeak,mu,COI-avg,right,9,1.7,2.42
multitaper,halfpeak,mu,COI-avg,right,10,0.3,
multitaper,halfpeak,mu,COI-avg,right,11,0.67,2.31
multitaper,halfpeak,mu,COI-avg,right,12,1.09,1.554
multitaper,halfpeak,mu,COI-avg,right,13,0.3,1.968
multitaper,halfpeak,mu,COI-avg,right,14,1.784,2.194
multitaper,halfpeak,mu,COI-avg,right,15,2.466,2.07
multitaper,halfpeak,mu,COI-avg,right,16,0.44,3.558
multitaper,halfpeak,mu,COI-avg,right,17,0.3,4.462
multitaper,halfpeak,mu,COI-avg,right,18,1.432,3.378
multitaper,halfpeak,mu,COI-avg,right,19,,1.5
multitaper,halfpeak,mu,COI-avg,right,20,1.314,1.53
multitaper,halfpeak,mu,COI-avg,right,21,0.3,3.74
multitaper,halfpeak,mu,COI-avg,right,22,0.3,1.5
multitaper,halfpeak,mu,COI-avg,right,23,2.388,1.5
multitaper,halfpeak,mu,COI-avg,right,24,1.842,3.018
multitaper,halfpeak,mu,COI-avg,right,25,0.638,1.828
multitaper,halfpeak,mu,COI-avg,right,26,0.736,1.542
multitaper,halfpeak,mu,COI-avg,right,27,1.476,3.296
multitaper,halfpeak,mu,COI-avg,right,28,0.458,3.292
multitaper,halfpeak,mu,COI-avg,right,29,0.3,3.702
multitaper,thresh_sd,beta,COI-avg,right,0,,
multitaper,thresh_sd,beta,COI-avg,right,1,1.248,
multitaper,thresh_sd,beta,COI-avg,right,2,,1.5
multitaper,thresh_sd,beta,COI-avg,right,3,2.128,1.596
multitaper,thresh_sd,beta,COI-avg,right,4,,2.842
multitaper,thresh_sd,beta,COI-avg,right,5,,
multitaper,thresh_sd,beta,COI-avg,right,6,,
multitaper,thresh_sd,beta,COI-avg,right,7,,2.422
multitaper,thresh_sd,beta,COI-avg,right,8,,1.782
multitaper,thresh_sd,beta,COI-avg,right,9,,4.698
multitaper,thresh_sd,beta,COI-avg,right,10,,
multitaper,thresh_sd,beta,COI-avg,right,11,,
multitaper,thresh_sd,beta,COI-avg,right,12,,
multitaper,thresh_sd,beta,COI-avg,right,13,,1.902
multitaper,thresh_sd,beta,COI-avg,right,14,,
multitaper,thresh_sd,beta,COI-avg,right,15,,3.218
multitaper,thresh_sd,beta,COI-avg,right,16,2.34,
multitaper,thresh_sd,beta,COI-avg,right,17,,2.446
multitaper,thresh_sd,beta,COI-avg,right,18,,
multitaper,thresh_sd,beta,COI-avg,right,19,,
multitaper,thresh_sd,beta,COI-avg,right,20,,1.5
multitaper,thresh_sd,beta,COI-avg,right,21,,3.758
multitaper,thresh_sd,beta,COI-avg,right,22,,
multitaper,thresh_sd,beta,COI-avg,right,23,,3.234
multitaper,thresh_sd,beta,COI-avg,right,24,,2.266
multitaper,thresh_sd,beta,COI-avg,right,25,,1.626
multitaper,thresh_sd,beta,COI-avg,right,26,,
multitaper,thresh_sd,beta,COI-avg,right,27,,
multitaper,thresh_sd,beta,COI-avg,right,28,,3.246
multitaper,thresh_sd,beta,COI-avg,right,29,,
multitaper,changepoint,beta,COI-avg,right,0,0.318,
multitaper,changepoint,beta,COI-avg,right,1,,1.656
multitaper,changepoint,beta,COI-avg,right,2,0.418,1.502
multitaper,changepoint,beta,COI-avg,right,3,0.306,1.532
multitaper,changepoint,beta,COI-avg,right,4,0.54,2.236
multitaper,changepoint,beta,COI-avg,right,5,,1.824
multitaper,changepoint,beta,COI-avg,right,6,0.312,
multitaper,changepoint,beta,COI-avg,right,7,2.12,2.646
multitaper,changepoint,beta,COI-avg,right,8,,1.506
multitaper,changepoint,beta,COI-avg,right,9,,1.708
multitaper,changepoint,beta,COI-avg,right,10,0.308,
multitaper,changepoint,beta,COI-avg,right,11,0.308,
multitaper,changepoint,beta,COI-avg,right,12,0.61,1.806
multitaper,changepoint,beta,COI-avg,right,13,0.374,1.938
multitaper,changepoint,beta,COI-avg,right,14,0.304,2.3
multitaper,changepoint,beta,COI-avg,right,15,0.308,1.892
multitaper,changepoint,beta,COI-avg,right,16,0.308,1.504
multitaper,changepoint,beta,COI-avg,right,17,0.312,2.596
multitaper,changepoint,beta,COI-avg,right,18,0.306,
multitaper,changepoint,beta,COI-avg,right,19,0.432,
multitaper,changepoint,beta,COI-avg,right,20,,1.502
multitaper,changepoint,beta,COI-avg,right,21,0.31,1.504
multitaper,changepoint,beta,COI-avg,right,22,0.328,
multitaper,changepoint,beta,COI-avg,right,23,0.37,1.51
multitaper,changepoint,beta,COI-avg,right,24,0.33,1.516
multitaper,changepoint,beta,COI-avg,right,25,0.318,1.528
multitaper,changepoint,beta,COI-avg,right,26,0.308,1.512
multitaper,changepoint,beta,COI-avg,right,27,0.31,
multitaper,changepoint,beta,COI-avg,right,28,0.314,1.504
multitaper,changepoint,beta,COI-avg,right,29,0.314,
multitaper,halfpeak,beta,COI-avg,right,0,0.3,3.11
multitaper,halfpeak,beta,COI-avg,right,1,1.184,1.638
multitaper,halfpeak,beta,COI-avg,right,2,0.38,1.506
multitaper,halfpeak,beta,COI-avg,right,3,0.3,1.592
multitaper,halfpeak,beta,COI-avg,right,4,0.534,2.808
multitaper,halfpeak,beta,COI-avg,right,5,1.42,1.864
multitaper,halfpeak,beta,COI-avg,right,6,0.3,2.49
multitaper,halfpeak,beta,COI-avg,right,7,1.248,2.404
multitaper,halfpeak,beta,COI-avg,right,8,,1.816
multitaper,halfpeak,beta,COI-avg,right,9,1.444,1.882
multitaper,halfpeak,beta,COI-avg,right,10,0.3,3.928
multitaper,halfpeak,beta,COI-avg,right,11,0.3,3.432
multitaper,halfpeak,beta,COI-avg,right,12,0.484,1.786
multitaper,halfpeak,beta,COI-avg,right,13,0.686,1.854
multitaper,halfpeak,beta,COI-avg,right,14,0.3,2.198
multitaper,halfpeak,beta,COI-avg,right,15,0.3,3.204
multitaper,halfpeak,beta,COI-avg,right,16,0.38,1.5
multitaper,halfpeak,beta,COI-avg,right,17,0.342,2.474
multitaper,halfpeak,beta,COI-avg,right,18,0.3,3.67
multitaper,halfpeak,beta,COI-avg,right,19,0.618,2.66
multitaper,halfpeak,beta,COI-avg,right,20,,1.528
multitaper,halfpeak,beta,COI-avg,right,21,0.3,1.5
multitaper,halfpeak,beta,COI-avg,right,22,0.542,4.898
multitaper,halfpeak,beta,COI-avg,right,23,1.078,3.242
multitaper,halfpeak,beta,COI-avg,right,24,0.316,1.706
multitaper,halfpeak,beta,COI-avg,right,25,0.532,1.638
multitaper,halfpeak,beta,COI-avg,right,26,0.3,1.562
multitaper,halfpeak,beta,COI-avg,right,27,0.3,
multitaper,halfpeak,beta,COI-avg,right,28,0.3,3.284
multitaper,halfpeak,beta,COI-avg,right,29,0.392,
stft,thresh_sd,mu,COI-avg,right,0,,
stft,thresh_sd,mu,COI-avg,right,1,,
stft,thresh_sd,mu,COI-avg,right,2,,
stft,thresh_sd,mu,COI-avg,right,3,,
stft,thresh_sd,mu,COI-avg,right,4,,
stft,thresh_sd,mu,COI-avg,right,5,,
stft,thresh_sd,mu,COI-avg,right,6,,
stft,thresh_sd,mu,COI-avg,right,7,,
stft,thresh_sd,mu,COI-avg,right,8,,
stft,thresh_sd,mu,COI-avg,right,9,,
stft,thresh_sd,mu,COI-avg,right,10,,
stft,thresh_sd,mu,COI-avg,right,11,,
stft,thresh_sd,mu,COI-avg,right,12,,
stft,thresh_sd,mu,COI-avg,right,13,,
stft,thresh_sd,mu,COI-avg,right,14,,
stft,thresh_sd,mu,COI-avg,right,15,,
stft,thresh_sd,mu,COI-avg,right,16,,
stft,thresh_sd,mu,COI-avg,right,17,,
stft,thresh_sd,mu,COI-avg,right,18,,
stft,thresh_sd,mu,COI-avg,right,19,,
stft,thresh_sd,mu,COI-avg,right,20,,
stft,thresh_sd,mu,COI-avg,right,21,,
stft,thresh_sd,mu,COI-avg,right,22,,
stft,thresh_sd,mu,COI-avg,right,23,,
stft,thresh_sd,mu,COI-avg,right,24,,
stft,thresh_sd,mu,COI-avg,right,25,,
stft,thresh_sd,mu,COI-avg,right,26,,
stft,thresh_sd,mu,COI-avg,right,27,,
stft,thresh_sd,mu,COI-avg,right,28,,
stft,thresh_sd,mu,COI-avg,right,29,,
stft,changepoint,mu,COI-avg,right,0,0.322,
stft,changepoint,mu,COI-avg,right,1,0.322,
stft,changepoint,mu,COI-avg,right,2,0.32,
stft,changepoint,mu,COI-avg,right,3,0.32,
stft,changepoint,mu,COI-avg,right,4,0.322,
stft,changepoint,mu,COI-avg,right,5,0.322,
stft,changepoint,mu,COI-avg,right,6,0.32,
stft,changepoint,mu,COI-avg,right,7,0.32,
stft,changepoint,mu,COI-avg,right,8,0.322,
stft,changepoint,mu,COI-avg,right,9,0.322,
stft,changepoint,mu,COI-avg,right,10,0.322,
stft,changepoint,mu,COI-avg,right,11,0.322,
stft,changepoint,mu,COI-avg,right,12,0.322,
stft,changepoint,mu,COI-avg,right,13,0.322,
stft,changepoint,mu,COI-avg,right,14,0.322,
stft,changepoint,mu,COI-avg,right,15,0.32,
stft,changepoint,mu,COI-avg,right,16,0.322,
stft,changepoint,mu,COI-avg,right,17,0.32,
stft,changepoint,mu,COI-avg,right,18,0.322,
stft,changepoint,mu,COI-avg,right,19,0.322,
stft,changepoint,mu,COI-avg,right,20,0.322,
stft,changepoint,mu,COI-avg,right,21,0.32,
stft,changepoint,mu,COI-avg,right,22,0.32,
stft,changepoint,mu,COI-avg,right,23,0.322,
stft,changepoint,mu,COI-avg,right,24,0.32,
stft,changepoint,mu,COI-avg,right,25,0.32,
stft,changepoint,mu,COI-avg,right,26,0.32,
stft,changepoint,mu,COI-avg,right,27,0.322,
stft,changepoint,mu,COI-avg,right,28,0.32,
stft,changepoint,mu,COI-avg,right,29,0.322,
stft,halfpeak,mu,COI-avg,right,0,0.3,
stft,halfpeak,mu,COI-avg,right,1,0.3,
stft,halfpeak,mu,COI-avg,right,2,0.3,
stft,halfpeak,mu,COI-avg,right,3,0.3,
stft,halfpeak,mu,COI-avg,right,4,0.3,
stft,halfpeak,mu,COI-avg,right,5,0.3,
stft,halfpeak,mu,COI-avg,right,6,0.3,
stft,halfpeak,mu,COI-avg,right,7,0.3,
stft,halfpeak,mu,COI-avg,right,8,0.3,
stft,halfpeak,mu,COI-avg,right,9,0.3,
stft,halfpeak,mu,COI-avg,right,10,0.3,
stft,halfpeak,mu,COI-avg,right,11,0.3,
stft,halfpeak,mu,COI-avg,right,12,0.3,
stft,halfpeak,mu,COI-avg,right,13,0.3,
stft,halfpeak,mu,COI-avg,right,14,0.3,
stft,halfpeak,mu,COI-avg,right,15,0.3,
stft,halfpeak,mu,COI-avg,right,16,0.3,
stft,halfpeak,mu,COI-avg,right,17,0.3,
stft,halfpeak,mu,COI-avg,right,18,0.3,
stft,halfpeak,mu,COI-avg,right,19,0.3,
stft,halfpeak,mu,COI-avg,right,20,0.3,
stft,halfpeak,mu,COI-avg,right,21,0.3,
stft,halfpeak,mu,COI-avg,right,22,0.3,
stft,halfpeak,mu,COI-avg,right,23,0.3,
stft,halfpeak,mu,COI-avg,right,24,0.3,
stft,halfpeak,mu,COI-avg,right,25,0.3,
stft,halfpeak,mu,COI-avg,right,26,0.3,
stft,halfpeak,mu,COI-avg,right,27,0.3,
stft,halfpeak,mu,COI-avg,right,28,0.3,
stft,halfpeak,mu,COI-avg,right,29,0.3,
stft,thresh_sd,beta,COI-avg,right,0,,
stft,thresh_sd,beta,COI-avg,right,1,,
stft,thresh_sd,beta,COI-avg,right,2,,
stft,thresh_sd,beta,COI-avg,right,3,,
stft,thresh_sd,beta,COI-avg,right,4,,
stft,thresh_sd,beta,COI-avg,right,5,,
stft,thresh_sd,beta,COI-avg,right,6,,
stft,thresh_sd,beta,COI-avg,right,7,,
stft,thresh_sd,beta,COI-avg,right,8,,
stft,thresh_sd,beta,COI-avg,right,9,,
stft,thresh_sd,beta,COI-avg,right,10,,
stft,thresh_sd,beta,COI-avg,right,11,,
stft,thresh_sd,beta,COI-avg,right,12,,
stft,thresh_sd,beta,COI-avg,right,13,,
stft,thresh_sd,beta,COI-avg,right,14,,
stft,thresh_sd,beta,COI-avg,right,15,,
stft,thresh_sd,beta,COI-avg,right,16,,
stft,thresh_sd,beta,COI-avg,right,17,,
stft,thresh_sd,beta,COI-avg,right,18,,
stft,thresh_sd,beta,COI-avg,right,19,,
stft,thresh_sd,beta,COI-avg,right,20,,
stft,thresh_sd,beta,COI-avg,right,21,,
stft,thresh_sd,beta,COI-avg,right,22,,
stft,thresh_sd,beta,COI-avg,right,23,,
stft,thresh_sd,beta,COI-avg,right,24,,
stft,thresh_sd,beta,COI-avg,right,25,,
stft,thresh_sd,beta,COI-avg,right,26,,
stft,thresh_sd,beta,COI-avg,right,27,,
stft,thresh_sd,beta,COI-avg,right,28,,
stft,thresh_sd,beta,COI-avg,right,29,,
stft,changepoint,beta,COI-avg,right,0,0.32,
stft,changepoint,beta,COI-avg,right,1,0.32,
stft,changepoint,beta,COI-avg,right,2,0.32,
stft,changepoint,beta,COI-avg,right,3,0.32,
stft,changepoint,beta,COI-avg,right,4,0.32,
stft,changepoint,beta,COI-avg,right,5,0.32,
stft,changepoint,beta,COI-avg,right,6,0.32,
stft,changepoint,beta,COI-avg,right,7,0.32,
stft,changepoint,beta,COI-avg,right,8,0.32,
stft,changepoint,beta,COI-avg,right,9,0.32,
stft,changepoint,beta,COI-avg,right,10,0.32,
stft,changepoint,beta,COI-avg,right,11,0.32,
stft,changepoint,beta,COI-avg,right,12,0.32,
stft,changepoint,beta,COI-avg,right,13,0.32,
stft,changepoint,beta,COI-avg,right,14,0.32,
stft,changepoint,beta,COI-avg,right,15,0.32,
stft,changepoint,beta,COI-avg,right,16,0.32,
stft,changepoint,beta,COI-avg,right,17,0.32,
stft,changepoint,beta,COI-avg,right,18,0.32,
stft,changepoint,beta,COI-avg,right,19,0.32,
stft,changepoint,beta,COI-avg,right,20,0.32,
stft,changepoint,beta,COI-avg,right,21,0.32,
stft,changepoint,beta,COI-avg,right,22,0.32,
stft,changepoint,beta,COI-avg,right,23,0.32,
stft,changepoint,beta,COI-avg,right,24,0.32,
stft,changepoint,beta,COI-avg,right,25,0.32,
stft,changepoint,beta,COI-avg,right,26,0.32,
stft,changepoint,beta,COI-avg,right,27,0.32,
stft,changepoint,beta,COI-avg,right,28,0.32,
stft,changepoint,beta,COI-avg,right,29,0.32,
stft,halfpeak,beta,COI-avg,right,0,0.3,
stft,halfpeak,beta,COI-avg,right,1,0.3,
stft,halfpeak,beta,COI-avg,right,2,0.3,
stft,halfpeak,beta,COI-avg,right,3,0.3,
stft,halfpeak,beta,COI-avg,right,4,0.3,
stft,halfpeak,beta,COI-avg,right,5,0.3,
stft,halfpeak,beta,COI-avg,right,6,0.3,
stft,halfpeak,beta,COI-avg,right,7,0.3,
stft,halfpeak,beta,COI-avg,right,8,0.3,
stft,halfpeak,beta,COI-avg,right,9,0.3,
stft,halfpeak,beta,COI-avg,right,10,0.3,
stft,halfpeak,beta,COI-avg,right,11,0.3,
stft,halfpeak,beta,COI-avg,right,12,0.3,
stft,halfpeak,beta,COI-avg,right,13,0.3,
stft,halfpeak,beta,COI-avg,right,14,0.3,
stft,halfpeak,beta,COI-avg,right,15,0.3,
stft,halfpeak,beta,COI-avg,right,16,0.3,
stft,halfpeak,beta,COI-avg,right,17,0.3,
stft,halfpeak,beta,COI-avg,right,18,0.3,
stft,halfpeak,beta,COI-avg,right,19,0.3,
stft,halfpeak,beta,COI-avg,right,20,0.3,
stft,halfpeak,beta,COI-avg,right,21,0.3,
stft,halfpeak,beta,COI-avg,right,22,0.3,
stft,halfpeak,beta,COI-avg,right,23,0.3,
stft,halfpeak,beta,COI-avg,right,24,0.3,
stft,halfpeak,beta,COI-avg,right,25,0.3,
stft,halfpeak,beta,COI-avg,right,26,0.3,
stft,halfpeak,beta,COI-avg,right,27,0.3,
stft,halfpeak,beta,COI-avg,right,28,0.3,
stft,halfpeak,beta,COI-avg,right,29,0.3,
